Biomarker,Importance
CTHRC1,0.020555224
ZNF706,0.019120319
FOXS1,0.01612508
LOC282997,0.011096649
FAM72A,0.010441112
NRIP3,0.010215082
JMJD5,0.009440036
FERMT1,0.008974463
C8orf58,0.008863913
SNORD112|ENSG00000252883.1,0.008626135
ALG14.1,0.007943988
UBE3C.1,0.007846142
CHIT1,0.007814289
LOC145783,0.007558188
FBXO5,0.007450002
HMGB2,0.0074222498
INHBA,0.0074106907
SNORA70|ENSG00000206661.1,0.007266445
hsa-mir-1249,0.0072364844
CHRNA2,0.007127221
